filename,x_centroid,y_centroid,ra_image,dec_image,flux,mag_inst,ra_gaia,dec_gaia,phot_g_mean_mag,separation_arcsec
20260202T180749_464_StackInput_DarkSubtracted_g_band.new,270.9946249630974,10.23179945580768,100.16251899657387,17.144693812627086,19212.740234375,-10.708972930908203,100.16230435611739,17.14449718041631,13.443441,1.0228773255484254
20260202T180749_464_StackInput_DarkSubtracted_g_band.new,248.42267467052812,15.546080813285906,100.17767860048356,17.161352772469154,29874.240234375,-11.188241958618164,100.1775831954099,17.161247788704507,12.695286,0.5005329647221092
20260202T180749_464_StackInput_DarkSubtracted_g_band.new,374.9883108100077,20.035918899104367,100.07271941545542,17.094442510104763,34267.7421875,-11.337213516235352,100.07291922372376,17.09409116661371,12.551494,1.43962229710964
20260202T180749_464_StackInput_DarkSubtracted_g_band.new,173.44401319253404,48.07277368205992,100.21938443920627,17.228191985774323,27441.740234375,-11.096029281616211,100.21909619404305,17.228058520127323,12.835247,1.1014473307381425
20260202T180749_464_StackInput_DarkSubtracted_g_band.new,238.2667356634073,69.13445383538064,100.15467723157903,17.20845816233824,144917.734375,-12.902803421020508,100.15464802325359,17.20834151625002,10.994853,0.4317714199251824
20260202T180749_464_StackInput_DarkSubtracted_g_band.new,425.2961554851959,77.68788482055069,99.9984405756225,17.11101955103741,27886.740234375,-11.113494873046875,99.99833101042792,17.110845979234565,12.71223,0.7297663203252837
20260202T180749_464_StackInput_DarkSubtracted_g_band.new,433.0570763941473,90.20264991962789,99.98486772270608,17.11637298520139,49640.7421875,-11.739596366882324,99.98480960188722,17.116052902495056,12.290507,1.1695200908421712
20260202T180749_464_StackInput_DarkSubtracted_g_band.new,246.97703430991388,92.78165681648464,100.1338514674313,17.221908730418427,36050.7421875,-11.39228630065918,100.13388157932268,17.221768066941888,12.7528105,0.516865945247643
20260202T180749_464_StackInput_DarkSubtracted_g_band.new,344.253814317295,95.63964565021185,100.05350503979338,17.170006204045432,100638.2421875,-12.506908416748047,100.0534232032297,17.169994416741382,11.532117,0.284662276628961
20260202T180749_464_StackInput_DarkSubtracted_g_band.new,349.7223558807596,109.97799048616277,100.04072200238981,17.178050235688847,24635.240234375,-10.978891372680664,100.04109065840072,17.177936087512716,12.967419,1.3328868788684345
20260202T180749_464_StackInput_DarkSubtracted_g_band.new,116.1233117585063,111.96772160304904,100.22854608651689,17.309492839617608,125457.2421875,-12.746238708496094,100.22848796181432,17.309533409979863,11.381976,0.2474682923341763
20260202T180749_464_StackInput_DarkSubtracted_g_band.new,309.08271277339884,125.9476297451784,100.06427930499973,17.21301454422696,99917.2421875,-12.499101638793945,100.06425000145052,17.212901774780708,11.472564,0.4182891557284156
20260202T180749_464_StackInput_DarkSubtracted_g_band.new,558.786498313341,135.75923159581498,99.85664560706891,17.081537161622677,57194.2421875,-11.893381118774414,99.85673203521021,17.081547934668,12.048694,0.29993412995480184
20260202T180749_464_StackInput_DarkSubtracted_g_band.new,307.070315330735,138.18227599480267,100.05877236320683,17.223595871844466,40449.7421875,-11.517290115356445,100.05893198252701,17.223628783244376,12.845876,0.5615035781336188
20260202T180749_464_StackInput_DarkSubtracted_g_band.new,366.2906392711072,137.5716881749781,100.01122899421792,17.190163600495886,50667.2421875,-11.761817932128906,100.01124608317292,17.19025578211478,12.246778,0.3370179790492885
20260202T180749_464_StackInput_DarkSubtracted_g_band.new,389.04783228577725,142.31392034642934,99.99005778138924,17.181160337861805,165249.21875,-13.04534912109375,99.98997526703188,17.18094768188187,11.685622,0.816470861313171
20260202T180749_464_StackInput_DarkSubtracted_g_band.new,44.69913299312429,143.84920946632258,100.26778126893474,17.37385198128283,29082.240234375,-11.159069061279297,100.2679197447883,17.37403804038458,12.798709,0.8215870635261227
20260202T180749_464_StackInput_DarkSubtracted_g_band.new,322.19344501544737,148.5122409794982,100.04051447620613,17.223168004596754,36540.7421875,-11.406944274902344,100.04057392882416,17.223350490626327,13.236344,0.6880227806842627
20260202T180749_464_StackInput_DarkSubtracted_g_band.new,39.8420829198765,150.64960180724148,100.26775096273536,17.381814475363296,90080.7421875,-12.386579513549805,100.26775947541338,17.381931427595763,11.490594,0.4220425906468966
20260202T180749_464_StackInput_DarkSubtracted_g_band.new,279.4256733511848,153.1662657125166,100.07239686254024,17.25056632008157,52902.7421875,-11.808695793151855,100.07239156848938,17.25077630041139,12.506996,0.7561482805471839
20260202T180749_464_StackInput_DarkSubtracted_g_band.new,246.9132786049983,164.04563063514996,100.09235608278135,17.277069421674497,97222.2421875,-12.469414710998535,100.09232571278973,17.27706416862878,11.572528,0.10609783962168343
20260202T180749_464_StackInput_DarkSubtracted_g_band.new,425.78681821507,165.26014604707515,99.94695749989886,17.1784385285325,194962.234375,-13.224876403808594,99.94688139154782,17.17836308500982,10.713533,0.37720933025925735
20260202T180749_464_StackInput_DarkSubtracted_g_band.new,494.0565511265906,167.02030352167324,99.8907262941875,17.141764906224143,38931.2421875,-11.47574520111084,99.8905543117125,17.14146449217998,12.671743,1.2327420796724493
20260202T180749_464_StackInput_DarkSubtracted_g_band.new,312.9609899815747,176.77194052510532,100.03149759908128,17.25015885371836,82994.2421875,-12.297619819641113,100.0314318745288,17.250159483121354,11.82395,0.22597689553249545
20260202T180749_464_StackInput_DarkSubtracted_g_band.new,366.95382856943974,177.99529449303685,99.98710811351789,17.221046705503305,91699.2421875,-12.405914306640625,99.98699448778305,17.22103952981082,11.553089,0.3915677289055768
20260202T180749_464_StackInput_DarkSubtracted_g_band.new,244.11929538728882,179.05471518809503,100.08586286124316,17.29023302126148,155008.234375,-12.975887298583984,100.08583970721395,17.29028206753706,11.1544075,0.1936749435403102
20260202T180749_464_StackInput_DarkSubtracted_g_band.new,336.3850187078149,194.61804047362224,100.00213514401152,17.250918158542596,64259.2421875,-12.0198392868042,100.00208923188012,17.250931969349967,12.073246,0.16549347756307453
20260202T180749_464_StackInput_DarkSubtracted_g_band.new,193.86645444850404,211.37665379484395,100.10767531272094,17.34319088672241,74993.7421875,-12.187561988830566,100.10757291854992,17.343322657934937,11.951016,0.5906255030458464
20260202T180749_464_StackInput_DarkSubtracted_g_band.new,223.53072423181573,225.14638094150536,100.07563429408312,17.337338763745386,74119.2421875,-12.174826622009277,100.07559513720628,17.337328204378604,12.070972,0.13982672174187294
20260202T180749_464_StackInput_DarkSubtracted_g_band.new,183.08955669720442,231.17200002991206,100.10484932203947,17.364499148789115,32955.2421875,-11.294811248779297,100.104501528347,17.364467403929233,12.883025,1.2004475548177758
20260202T180749_464_StackInput_DarkSubtracted_g_band.new,70.00771207047268,238.8998407659366,100.19188473122834,17.433360935487173,472287.75,-14.185516357421875,100.19184684962674,17.43329059892437,9.535899,0.2846833975753749
20260202T180749_464_StackInput_DarkSubtracted_g_band.new,251.67478326890165,245.5442803773827,100.04095409263529,17.33745255365214,25888.740234375,-11.032776832580566,100.04094519261656,17.337489221516304,13.219486,0.13550107509674122
20260202T180749_464_StackInput_DarkSubtracted_g_band.new,467.3546300886519,271.8784425014768,99.85107954202567,17.237668592764553,20938.240234375,-10.802350044250488,99.85082069899353,17.237666693314583,12.827284,0.8900066547116304
20260202T180749_464_StackInput_DarkSubtracted_g_band.new,263.60181269567687,279.08693811066314,100.01172027930181,17.35675212924138,357247.21875,-13.88242244720459,100.0116980994926,17.356552007129746,9.964323,0.7244594006933952
20260202T180749_464_StackInput_DarkSubtracted_g_band.new,212.76353945874118,286.4875302090284,100.04854723135725,17.39077445093116,70242.7421875,-12.116503715515137,100.0486734278819,17.39073883004783,11.909631,0.4521079225318751
20260202T180749_464_StackInput_DarkSubtracted_g_band.new,454.4086897461927,288.4430337448682,99.8518719505507,17.257684226808696,212017.71875,-13.315930366516113,99.8518953454609,17.25774939475046,10.69852,0.24800867196344423
20260202T180749_464_StackInput_DarkSubtracted_g_band.new,153.11068276439835,293.7520135462622,100.09259716552374,17.429588177430755,432335.75,-14.089553833007812,100.09255498248234,17.429442287621978,9.605513,0.5448216427487516
20260202T180749_464_StackInput_DarkSubtracted_g_band.new,488.2385731941813,293.6599459422759,99.82145952488062,17.242853063232392,322905.75,-13.772688865661621,99.82142970351059,17.242807426920116,10.044999,0.19366014541196858
20260202T180749_464_StackInput_DarkSubtracted_g_band.new,93.41250328058861,300.5610648422467,100.13695934345527,17.468063732653565,28842.240234375,-11.150073051452637,100.13679854823131,17.468010377949632,15.977652,0.5846224154607126
20260202T180749_464_StackInput_DarkSubtracted_g_band.new,147.26884699252577,304.34422207353765,100.09114377280717,17.441032395617313,66060.2421875,-12.049850463867188,100.09122087064694,17.441073350157183,11.977102,0.3030713970389959
20260202T180749_464_StackInput_DarkSubtracted_g_band.new,83.41639824551889,306.59310455496336,100.14153347731683,17.47829043337518,551259.75,-14.35339069366455,100.14142771148882,17.47820673953368,9.284481,0.47188824531731655
20260202T180749_464_StackInput_DarkSubtracted_g_band.new,184.86436760138866,308.0135250101536,100.0585641472536,17.42295071583106,148661.734375,-12.930498123168945,100.05878904823194,17.42295088124007,11.014398,0.7724976841022578
20260202T180749_464_StackInput_DarkSubtracted_g_band.new,191.86411747588477,321.96446522250363,100.04475120751037,17.42984523830136,52874.7421875,-11.808120727539062,100.04495838264693,17.4299256623969,12.111563,0.7682311456508146
20260202T180749_464_StackInput_DarkSubtracted_g_band.new,533.75300107299,336.5781236858385,99.75955562726165,17.250618214738445,169664.734375,-13.073978424072266,99.75954350015209,17.250553052355333,10.78616,0.23826097632419216
20260202T180749_464_StackInput_DarkSubtracted_g_band.new,339.2526768353549,338.7455761818479,99.91564774501371,17.360739223287744,33390.2421875,-11.309049606323242,99.91592559213368,17.360864394650257,12.932093,1.0556870417658208
20260202T180749_464_StackInput_DarkSubtracted_g_band.new,329.4597375201288,342.3806826906611,99.9214487928787,17.369005548150547,61640.2421875,-11.974660873413086,99.92158251486224,17.36897926945395,11.919022,0.4690869213216334
20260202T180749_464_StackInput_DarkSubtracted_g_band.new,47.11789082419807,347.736001218436,100.14691561495178,17.53031375889541,387288.75,-13.970088005065918,100.14698404225827,17.530148359964947,9.831581,0.6400947046826617
20260202T180749_464_StackInput_DarkSubtracted_g_band.new,199.99873911668163,360.56171124778604,100.01562153101801,17.455167413252465,115378.2421875,-12.655309677124023,100.0155910442424,17.455302064823666,11.550065,0.49592350319234796
20260202T180749_464_StackInput_DarkSubtracted_g_band.new,148.53073699078715,375.6218251851089,100.0484985550991,17.49546585364838,54135.2421875,-11.833700180053711,100.04832166823908,17.49543954875762,12.1217785,0.6146736225906785
20260202T180749_464_StackInput_DarkSubtracted_g_band.new,114.25832818632331,379.96815186058467,100.0737149780069,17.517901750777096,43895.2421875,-11.606043815612793,100.07376153435192,17.517508617564292,12.383698,1.42427592403426
20260202T180749_464_StackInput_DarkSubtracted_g_band.new,276.51089920346016,394.4333399092932,99.93388387081653,17.43874381462474,58413.2421875,-11.916278839111328,99.93391446618048,17.438959479901026,12.150342,0.7834737829029473
20260202T180749_464_StackInput_DarkSubtracted_g_band.new,264.95680592000775,400.9185727360961,99.93944666351541,17.450194464123804,157579.734375,-12.99375057220459,99.9393008426882,17.450227831716777,11.025501,0.5150006743518679
20260202T180749_464_StackInput_DarkSubtracted_g_band.new,380.3628403229583,402.7872142725585,99.84493834741235,17.38731838783629,31892.240234375,-11.259212493896484,99.84486857229696,17.38749635193751,12.68529,0.6840476039186084
20260202T180749_464_StackInput_DarkSubtracted_g_band.new,173.90192115651834,409.02346515335375,100.0084366919444,17.50717506008367,34068.2421875,-11.330873489379883,100.00885744758055,17.507194667744226,12.930067,1.4462808726885694
20260202T180749_464_StackInput_DarkSubtracted_g_band.new,165.69209024887022,420.9707264072675,100.00810296978547,17.52098572846545,39913.2421875,-11.502792358398438,100.00812811830133,17.520921308820213,12.677876,0.24745954211459098
20260202T180749_464_StackInput_DarkSubtracted_g_band.new,355.3456018240134,425.44348931453067,99.85193578949041,17.418774044495745,40776.2421875,-11.526018142700195,99.85183996553955,17.418775480879717,12.274587,0.32918747732358977
20260202T180749_464_StackInput_DarkSubtracted_g_band.new,434.7913479899778,428.1637155842699,99.78604618069734,17.376569743119664,43441.7421875,-11.594767570495605,99.78593712906239,17.376605312448895,12.314346,0.3959466187299062
20260202T180749_464_StackInput_DarkSubtracted_g_band.new,62.447288896179266,428.68462613593374,100.08722235411415,17.58442022243369,37499.7421875,-11.435070991516113,100.08724955344292,17.58473710203371,12.261094,1.1445790015525545
20260202T180749_464_StackInput_DarkSubtracted_g_band.new,250.9281149275916,430.6372961292429,99.93343027575759,17.48098525390499,43665.2421875,-11.600339889526367,99.93331497292961,17.480767232503254,12.373149,0.8790817751386177
20260202T180749_464_StackInput_DarkSubtracted_g_band.new,133.94656031227683,441.1333463411665,100.02202973207008,17.55425431986742,43675.2421875,-11.60058879852295,100.02170040684605,17.55425102733796,12.119311,1.1304230394219388
20260202T180749_464_StackInput_DarkSubtracted_g_band.new,419.6577055014818,462.29669723838435,99.77832037724896,17.411380145466225,56528.7421875,-11.8806734085083,99.77807043864392,17.41114927916815,12.067734,1.1949353926688988
20260202T180749_464_StackInput_DarkSubtracted_g_band.new,274.2573170306679,466.51889666996505,99.89355623734447,17.495721758717867,751176.75,-14.68935489654541,99.89375794219481,17.495354032426274,8.246227,1.4940234374024826
20260202T180749_464_StackInput_DarkSubtracted_g_band.new,274.22312453058186,466.4438835943465,99.89362780225395,17.495682835032976,846801.375,-14.819454193115234,99.89375794219481,17.495354032426274,8.246227,1.265218763621498
20260202T180749_464_StackInput_DarkSubtracted_g_band.new,137.19507317008322,486.473118536177,99.99289143212455,17.587510392028364,243934.25,-13.468181610107422,99.99265622732591,17.587882223638573,9.925068,1.56311734139325
20260202T180851_328_StackInput_DarkSubtracted_g_band.new,430.83025910527664,36.29331747440047,88.75108451571023,30.78708625039933,42432.703125,-11.569252014160156,88.75144093698302,30.787340886646827,11.582681,1.4336560711494761
20260202T180851_328_StackInput_DarkSubtracted_g_band.new,409.7321619706855,41.48971799239578,88.76492269458942,30.804006587143995,470450.1875,-14.181283950805664,88.76516936389004,30.804167274671727,8.892754,0.9572845416906581
20260202T180851_328_StackInput_DarkSubtracted_g_band.new,276.8647456649824,124.37256635733365,88.81585656605553,30.946684293471385,94822.2109375,-12.442275047302246,88.81640188061795,30.946752950302624,10.604945,1.7017177268007575
20260202T180851_328_StackInput_DarkSubtracted_g_band.new,301.0385522912846,151.1970870386656,88.77616827245919,30.950911264792733,44456.703125,-11.619843482971191,88.77653301438187,30.951014813219594,11.903661,1.186196260033883
20260202T180851_328_StackInput_DarkSubtracted_g_band.new,306.1899753539638,173.02024376487,88.7559940604826,30.963394047903293,180329.21875,-13.140165328979492,88.75631219000985,30.96356698376411,10.050779,1.1627705190254187
20260202T180851_328_StackInput_DarkSubtracted_g_band.new,303.4435618228835,205.07087351628005,88.73496402555757,30.988152470032606,74381.203125,-12.178658485412598,88.7352396398915,30.988206917422538,11.171946,0.8728888740245067
20260202T180851_328_StackInput_DarkSubtracted_g_band.new,459.1996647257434,218.804978581273,88.59445448654708,30.900399213127606,148695.71875,-12.930746078491211,88.59481509171276,30.900519096433225,10.044703,1.194600521051023
20260202T180851_328_StackInput_DarkSubtracted_g_band.new,131.80343104989714,223.65903777119846,88.86531694575471,31.10875301701822,267699.6875,-13.569120407104492,88.86551906615902,31.108982585455188,9.562272,1.034954417057428
20260202T180851_328_StackInput_DarkSubtracted_g_band.new,456.20434808795875,250.9178745313836,88.5734396614714,30.925258188890997,77879.203125,-12.228553771972656,88.57385763087298,30.925507366281018,10.836083,1.571874339408053
20260202T180851_328_StackInput_DarkSubtracted_g_band.new,196.16242635344204,263.7509419603783,88.78216649249649,31.09741776723494,41438.703125,-11.543516159057617,88.78232779646632,31.097415593808485,11.687396,0.49730448717683023
20260202T180851_328_StackInput_DarkSubtracted_g_band.new,51.918252554959174,306.6912847700756,88.87203993310831,31.218408598623213,116797.2109375,-12.668581008911133,88.8718883246742,31.218204716117715,10.272113,0.8698197658247628
20260202T180851_328_StackInput_DarkSubtracted_g_band.new,271.5195015160412,326.23279949736303,88.67324004271127,31.09506919328347,32939.203125,-11.294282913208008,88.67358797271332,31.095446893667898,12.13771,1.7318333848287855
20260202T180851_328_StackInput_DarkSubtracted_g_band.new,239.76844349599003,396.3384267251349,88.64851553740752,31.165163271828742,240142.703125,-13.451173782348633,88.64894639814487,31.1653463553529,9.592687,1.4818850753035486
20260202T180851_328_StackInput_DarkSubtracted_g_band.new,257.39826755658413,407.6012002184899,88.62539889840777,31.162144937700578,176507.21875,-13.116905212402344,88.62587388039478,31.162277824916025,10.06401,1.5394216032623682
20260202T180851_328_StackInput_DarkSubtracted_g_band.new,263.7283319627091,411.83680954109093,88.61695497546762,31.1611950249002,146117.71875,-12.911757469177246,88.61750407417462,31.161344312913183,10.277373,1.7748628463053089
20260202T180851_328_StackInput_DarkSubtracted_g_band.new,193.2185543577083,440.6535243903915,88.65514599198191,31.226069448661175,396096.6875,-13.994503021240234,88.65544529303163,31.2263581542328,9.003637,1.3889489801170989
20260202T180923_002_StackInput_DarkSubtracted_g_band.new,336.89333206921026,0.7449944877818606,88.8609267627413,30.818559501860367,54707.46484375,-11.84511661529541,88.86122035700784,30.818707996526395,12.846788,1.053414563858899
20260202T180923_002_StackInput_DarkSubtracted_g_band.new,147.71609981917643,27.863917678519492,88.99984291408863,30.956042988928008,38186.95703125,-11.454787254333496,88.9999055798345,30.955965199836633,12.685687,0.3403686891976757
20260202T180923_002_StackInput_DarkSubtracted_g_band.new,283.5269267987683,30.52849227524245,88.88398456716712,30.87327931301715,28597.95703125,-11.140837669372559,88.8838973775905,30.8734703585024,12.984999,0.7386465913989851
20260202T180923_002_StackInput_DarkSubtracted_g_band.new,432.93029417355945,40.54550643527791,88.75155558325069,30.7872442057282,106351.453125,-12.566858291625977,88.75144093698302,30.787340886646827,11.582681,0.4968442696923491
20260202T180923_002_StackInput_DarkSubtracted_g_band.new,411.9421007469002,45.84127727658989,88.76526962423252,30.804155632804573,620406.9375,-14.481691360473633,88.76516936389004,30.804167274671727,8.892754,0.31283727897979274
20260202T180923_002_StackInput_DarkSubtracted_g_band.new,454.1456198901941,47.938310928544446,88.72841944603745,30.779311249364877,17659.45703125,-10.617443084716797,88.72845862481081,30.77922053781309,13.57577,0.3483192689984326
20260202T180923_002_StackInput_DarkSubtracted_g_band.new,302.466101842275,61.851064731822994,88.8453227548494,30.884000363812884,49317.45703125,-11.732501983642578,88.84534987972813,30.884040797238068,12.549606,0.1679608910431287
20260202T180923_002_StackInput_DarkSubtracted_g_band.new,447.0815925233119,84.0339931007721,88.70804948284602,30.80966916444668,16078.9560546875,-10.515644073486328,88.70812941788729,30.809973062429364,13.580471,1.1216028215184604
20260202T180923_002_StackInput_DarkSubtracted_g_band.new,222.9821831730595,92.22320528852157,88.8898734167681,30.95544642924542,32466.45703125,-11.278587341308594,88.88981182198644,30.955492180191264,12.877193,0.2515696419899865
20260202T180923_002_StackInput_DarkSubtracted_g_band.new,184.13877165789722,94.06712261847943,88.92112573436782,30.98100240753545,111590.4609375,-12.619067192077637,88.9211361726882,30.981059206735726,11.626324,0.2069995845777236
20260202T180923_002_StackInput_DarkSubtracted_g_band.new,230.49643715045008,96.84758639333552,88.88020439525594,30.95408695998162,50016.45703125,-11.747781753540039,88.88023825551603,30.95391733860364,12.273863,0.619520269475949
20260202T180923_002_StackInput_DarkSubtracted_g_band.new,385.66368689030753,105.66233658815936,88.74372169979246,30.86357643302007,27947.95703125,-11.115875244140625,88.7439400908352,30.86358868580935,12.884575,0.6763137606083164
20260202T180923_002_StackInput_DarkSubtracted_g_band.new,491.9304498625385,115.57047386242448,88.64754640365194,30.80431421196047,30113.45703125,-11.196901321411133,88.64755077261862,30.804344061896526,12.856134,0.1083056081220016
20260202T180923_002_StackInput_DarkSubtracted_g_band.new,206.6071116680035,117.29448948777213,88.88536707085849,30.983707127378775,35263.45703125,-11.368311882019043,88.88536911224193,30.98353914104929,12.760943,0.6047836044633476
20260202T180923_002_StackInput_DarkSubtracted_g_band.new,370.0658004573507,118.9876570404206,88.74708256764033,30.882898627752507,24901.45703125,-10.990562438964844,88.74731804897819,30.88296594003576,13.102901,0.7668341744721184
20260202T180923_002_StackInput_DarkSubtracted_g_band.new,59.45186172748683,121.46402924921252,89.00591441827152,31.07847517135218,42497.45703125,-11.570907592773438,89.00579061913557,31.078454428596487,12.613096,0.3889406932028802
20260202T180923_002_StackInput_DarkSubtracted_g_band.new,60.32098469058997,127.17736645944389,89.0010277056483,31.082049180304736,15446.4560546875,-10.47207260131836,89.00114550778291,31.082057859765438,13.325861,0.36454248765796066
20260202T180923_002_StackInput_DarkSubtracted_g_band.new,278.76279506664906,128.8541553944272,88.81642317117671,30.946998618817116,224001.96875,-13.375629425048828,88.81640188061795,30.946752950302624,10.604945,0.8868462213599893
20260202T180923_002_StackInput_DarkSubtracted_g_band.new,79.02295688893578,133.80280510596805,88.98049053505129,31.075162790897913,25779.45703125,-11.02818489074707,88.98065558858433,31.075134227812523,13.109954,0.5192049081785782
20260202T180923_002_StackInput_DarkSubtracted_g_band.new,171.6931384028884,135.66601365960926,88.9012996049223,31.018712247537252,21731.95703125,-10.842747688293457,88.90141467778851,31.0187783337072,13.137993,0.4273664644858145
20260202T180923_002_StackInput_DarkSubtracted_g_band.new,104.00047383546541,143.03793790377162,88.95278374443654,31.066240170218716,26115.45703125,-11.042243957519531,88.95308653172937,31.066042945534107,12.976488,1.1729856053055787
20260202T180923_002_StackInput_DarkSubtracted_g_band.new,144.1305699356296,143.23101087330988,88.91893594522111,31.041351503529864,40181.95703125,-11.510077476501465,88.91899804247714,31.041352082161247,12.662616,0.19154803437219867
20260202T180923_002_StackInput_DarkSubtracted_g_band.new,54.68468325634069,148.01457080131445,88.99060454008331,31.10057325716466,14302.9560546875,-10.388565063476562,88.99041934131661,31.10008647494053,13.284816,1.8430602526062936
20260202T180923_002_StackInput_DarkSubtracted_g_band.new,98.47650025784671,147.80803000050778,88.95395322457611,31.07312014200219,67658.453125,-12.0758056640625,88.95401069158603,31.072970309234925,11.804709,0.5677574564102107
20260202T180923_002_StackInput_DarkSubtracted_g_band.new,301.2410533549485,152.0281424399823,88.78069810275328,30.949637031225514,102529.4609375,-12.527121543884277,88.78084971170509,30.949591815941712,11.667933,0.4955771573110439
20260202T180923_002_StackInput_DarkSubtracted_g_band.new,174.4522779736325,156.31256867308366,88.88395287270768,31.03185376831512,21365.95703125,-10.82430648803711,88.8839943107451,31.032017654459114,13.465429,0.6036787363505032
20260202T180923_002_StackInput_DarkSubtracted_g_band.new,303.0870480103365,155.38330455747095,88.77670638588545,30.950897850678913,117543.953125,-12.675500869750977,88.77653301438187,30.951014813219594,11.903661,0.6810320328677468
20260202T180923_002_StackInput_DarkSubtracted_g_band.new,359.4555307835157,159.37874966408603,88.72654817582419,30.91856926097771,44266.45703125,-11.61518669128418,88.72646499768098,30.918499628274304,12.478776,0.35893169997129554
20260202T180923_002_StackInput_DarkSubtracted_g_band.new,74.62011928167502,161.9572131424182,88.96370217808503,31.098186821906616,40632.45703125,-11.52218246459961,88.96361277905991,31.098130682562502,12.420937,0.3417473440915171
20260202T180923_002_StackInput_DarkSubtracted_g_band.new,460.93707292719995,163.50576378501356,88.63854856760075,30.858129722659555,23971.95703125,-10.949258804321289,88.6386101353276,30.858480367329683,13.549728,1.2765796404417717
20260202T180923_002_StackInput_DarkSubtracted_g_band.new,408.49450755656943,169.18137010030495,88.67832227337412,30.89498114980015,179638.953125,-13.136001586914062,88.67818362895845,30.895051513386424,11.023893,0.4976001582113754
20260202T180923_002_StackInput_DarkSubtracted_g_band.new,121.35693062724651,171.04705020865742,88.91781496291244,31.075584886745954,21280.45703125,-10.819952011108398,88.91787050542182,31.075782855917673,13.308285,0.7329765364727916
20260202T180923_002_StackInput_DarkSubtracted_g_band.new,51.92017765022487,172.51486998720912,88.9750983368557,31.119945682581296,15366.9560546875,-10.466469764709473,88.97536256445557,31.11989549649083,13.216828,0.8341282903644062
20260202T180923_002_StackInput_DarkSubtracted_g_band.new,308.18019966761915,177.48053266481563,88.75633738681397,30.96361155801412,343894.9375,-13.841064453125,88.75631219000985,30.96356698376411,10.050779,0.17832497974359532
20260202T180923_002_StackInput_DarkSubtracted_g_band.new,512.8699605000631,179.9272960469397,88.58311463971307,30.837463959909396,24636.45703125,-10.9789457321167,88.58324331099459,30.837430531288714,12.806545,0.41553713828295147
20260202T180923_002_StackInput_DarkSubtracted_g_band.new,239.9022540819259,181.96301841166334,88.81033984160271,31.009467702622914,26195.95703125,-11.045585632324219,88.8099794180327,31.009409971069168,13.313383,1.1313397193597114
20260202T180923_002_StackInput_DarkSubtracted_g_band.new,354.68496487601055,189.74935792745077,88.70841322765436,30.943387249763457,44200.95703125,-11.613578796386719,88.7083873559009,30.94339204558367,12.677748,0.08172691148122496
20260202T180923_002_StackInput_DarkSubtracted_g_band.new,433.7827813546433,191.1638904601992,88.64111925069739,30.894978241032888,43152.95703125,-11.587526321411133,88.64116285189192,30.89501362331602,12.531424,0.18538283890598453
20260202T180923_002_StackInput_DarkSubtracted_g_band.new,364.4779632570275,191.92684361686537,88.69861917317726,30.93883476772925,44272.95703125,-11.615346908569336,88.69885288389312,30.93877447069845,12.416251,0.7535875277396719
20260202T180923_002_StackInput_DarkSubtracted_g_band.new,483.6368820053627,192.55488642674518,88.5983684908098,30.86481344345914,43435.95703125,-11.594623565673828,88.59861868943234,30.86481232444198,12.39151,0.7731663849639268
20260202T180923_002_StackInput_DarkSubtracted_g_band.new,62.55147241830994,201.56491044246107,88.94501294889041,31.13424066949567,70016.953125,-12.113008499145508,88.94510797855759,31.13428673587537,12.082597,0.3365284909060179
20260202T180923_002_StackInput_DarkSubtracted_g_band.new,446.4264461790771,208.29737970341225,88.61803823247539,30.899388116021292,60444.95703125,-11.953400611877441,88.61814481502353,30.899319826794976,12.1244135,0.4108970916104721
20260202T180923_002_StackInput_DarkSubtracted_g_band.new,305.64786521368717,209.32203703608926,88.73525563607207,30.988094622551593,161945.953125,-13.023425102233887,88.7352396398915,30.988206917422538,11.171946,0.40726466549990903
20260202T180923_002_StackInput_DarkSubtracted_g_band.new,233.821796587719,215.48966583220098,88.79101420040571,31.03738699679874,30305.45703125,-11.203802108764648,88.79104639541318,31.037321286038143,13.2117405,0.25655839985739143
20260202T180923_002_StackInput_DarkSubtracted_g_band.new,117.8118638501251,221.85703155945328,88.88379089524376,31.114380676693056,186050.46875,-13.174077033996582,88.88366707776267,31.114466067669753,10.826426,0.4900315680819454
20260202T180923_002_StackInput_DarkSubtracted_g_band.new,129.82195321691614,222.0568104868519,88.87355467382231,31.107030278605105,24973.45703125,-10.993696212768555,88.87379745639633,31.106966486508064,14.141399,0.7827823458629105
20260202T180923_002_StackInput_DarkSubtracted_g_band.new,461.4406907443757,223.10901642319976,88.59466388332096,30.90064456989981,342420.9375,-13.836400985717773,88.59481509171276,30.900519096433225,10.044703,0.6497732752426874
20260202T180923_002_StackInput_DarkSubtracted_g_band.new,133.82022108578124,228.4641146387464,88.86552771776111,31.109147966342903,451742.9375,-14.137228965759277,88.86551906615902,31.108982585455188,9.562272,0.5959680911112624
20260202T180923_002_StackInput_DarkSubtracted_g_band.new,244.21360725709164,228.0214516187113,88.77316029740385,31.039914380034986,79055.4453125,-12.244829177856445,88.77318727096718,31.03999509406066,12.039469,0.3022473857852296
20260202T180923_002_StackInput_DarkSubtracted_g_band.new,246.03180084062848,236.8441036757228,88.7652035443484,31.045126241235614,25462.45703125,-11.014751434326172,88.76500704227014,31.045074285542494,13.292639,0.6342843270847272
20260202T180923_002_StackInput_DarkSubtracted_g_band.new,486.431187180239,237.85413075685523,88.56298583437032,30.895611147452236,34030.95703125,-11.32968521118164,88.56308950588465,30.8956028245013,12.590546,0.321658049536209
20260202T180923_002_StackInput_DarkSubtracted_g_band.new,271.1659481264666,249.644953061983,88.73478180885617,31.038636073357328,343942.4375,-13.841214179992676,88.734794154941,31.038593500005785,10.147296,0.15792442246759208
20260202T180923_002_StackInput_DarkSubtracted_g_band.new,378.60664152390933,251.97652748396564,88.64299124250402,30.973176126843907,72783.953125,-12.155089378356934,88.64298164606065,30.97308992174688,12.022539,0.31174877492702113
20260202T180923_002_StackInput_DarkSubtracted_g_band.new,458.5351846307914,255.10949852616773,88.57374955585524,30.92545423006894,207567.953125,-13.292900085449219,88.57385763087298,30.925507366281018,10.836083,0.3846904265868936
20260202T180923_002_StackInput_DarkSubtracted_g_band.new,402.9253876127299,258.4640421547715,88.61788064517997,30.962636810857944,25706.45703125,-11.025105476379395,88.6180503770723,30.962710251723255,13.069518,0.58688907787987
20260202T180923_002_StackInput_DarkSubtracted_g_band.new,529.3110016804628,258.51589560274476,88.51202095142719,30.883629880128154,38036.95703125,-11.450514793395996,88.51188648410728,30.88364719151976,12.800654,0.4200934394184704
20260202T180923_002_StackInput_DarkSubtracted_g_band.new,187.97493351821112,258.48352284834664,88.79816470419114,31.096950323522844,26715.45703125,-11.066905975341797,88.79820865486235,31.09711778985833,13.229406,0.6179150499337384
20260202T180923_002_StackInput_DarkSubtracted_g_band.new,430.12628166970165,266.66880425262457,88.58910667460867,30.951525695544927,19283.95703125,-10.712990760803223,88.5891674106135,30.95144099217407,13.373965,0.357973923036067
20260202T180923_002_StackInput_DarkSubtracted_g_band.new,117.6747785898147,267.15309602967636,88.85090104879365,31.147077204271305,35879.95703125,-11.387129783630371,88.85117860613099,31.146851059601154,12.761583,1.1807195017066248
20260202T180923_002_StackInput_DarkSubtracted_g_band.new,198.4598529622034,268.1285472381738,88.78232902389738,31.09734381491643,87151.9609375,-12.350692749023438,88.78232779646632,31.097415593808485,11.687396,0.25843171198103376
20260202T180923_002_StackInput_DarkSubtracted_g_band.new,438.45748576659304,299.084493575589,88.55846857509881,30.969607737712483,54401.95703125,-11.83903694152832,88.55848026911185,30.96969209241078,12.342889,0.30581473745583876
20260202T180923_002_StackInput_DarkSubtracted_g_band.new,189.53038239554314,300.6059992838336,88.76614471879411,31.1262902135801,39489.95703125,-11.491216659545898,88.76585249345342,31.1261729429542,12.915151,0.9945994581323222
20260202T180923_002_StackInput_DarkSubtracted_g_band.new,54.515689713184855,311.2727680151763,88.87183914495975,31.218263677549366,283046.9375,-13.629646301269531,88.8718883246742,31.218204716117715,10.272113,0.26072959904517085
20260202T180923_002_StackInput_DarkSubtracted_g_band.new,303.15936396995755,315.78274432330807,88.65969647502683,31.066209320647094,48685.45703125,-11.718498229980469,88.65977837833772,31.066287145412492,12.370184,0.37720306352540767
20260202T180923_002_StackInput_DarkSubtracted_g_band.new,273.6629284958311,330.77009886512843,88.6735071894209,31.09542333724059,68081.953125,-12.08258056640625,88.67358797271332,31.095446893667898,12.13771,0.26307456701188353
20260202T180923_002_StackInput_DarkSubtracted_g_band.new,123.52924413216955,334.08787040595297,88.79717634947815,31.191605248838034,88864.9453125,-12.371826171875,88.79728318475937,31.191521967226823,11.716181,0.44512341968657504
20260202T180923_002_StackInput_DarkSubtracted_g_band.new,361.18027438393716,338.37538295200676,88.59454472590969,31.046175717739004,59252.45703125,-11.931766510009766,88.59454836676939,31.04631054860359,12.30978,0.48552099256126474
20260202T180923_002_StackInput_DarkSubtracted_g_band.new,230.13106830131275,343.5463423420956,88.70072333793514,31.131818334297353,26862.45703125,-11.072864532470703,88.7006277284783,31.131830312102803,13.304914,0.2977619751618408
20260202T180923_002_StackInput_DarkSubtracted_g_band.new,303.698628346393,343.40707007047337,88.63908101689711,31.085735056072515,33209.95703125,-11.303171157836914,88.63879739734045,31.08567013588167,16.20787,0.9051011026380078
20260202T180923_002_StackInput_DarkSubtracted_g_band.new,132.28710827123794,351.5594936662806,88.77706962758984,31.198711049677303,22658.45703125,-10.888075828552246,88.77700523373133,31.19876959189066,13.114928,0.28937149635123965
20260202T180923_002_StackInput_DarkSubtracted_g_band.new,125.55859258864221,366.6844405613445,88.77168927925077,31.213799374218528,29166.95703125,-11.162227630615234,88.77155545698774,31.213806284521592,12.967829,0.4127706135256537
20260202T180923_002_StackInput_DarkSubtracted_g_band.new,81.03448407747011,370.08677045450753,88.80664221488567,31.244055131428,33126.45703125,-11.300437927246094,88.80656548754142,31.24388924696207,12.830761,0.6421831401410834
20260202T180923_002_StackInput_DarkSubtracted_g_band.new,377.42229358602367,390.01264529908366,88.54321205556657,31.073127810905902,33192.95703125,-11.30261516571045,88.54307089156887,31.073187210100706,12.671148,0.48495975168987904
20260202T180923_002_StackInput_DarkSubtracted_g_band.new,375.7449529936964,395.1020966069781,88.5408998966464,31.077834656464795,29846.45703125,-11.187231063842773,88.54090160489882,31.07794131708251,13.110469,0.38401434584017047
20260202T180923_002_StackInput_DarkSubtracted_g_band.new,242.0962707819698,400.8050572181799,88.64887414590136,31.16552277365654,481180.9375,-14.205770492553711,88.64894639814487,31.1653463553529,9.592687,0.6729756222067952
20260202T180923_002_StackInput_DarkSubtracted_g_band.new,455.0643705381654,402.08484116262235,88.46931700289842,31.033210947023854,26528.45703125,-11.059279441833496,88.46928236673465,31.033498155904603,12.889385,1.0394575958473062
20260202T180923_002_StackInput_DarkSubtracted_g_band.new,318.5943871920446,408.80753789131484,88.57882079194783,31.12343814557545,14693.4560546875,-10.41780948638916,88.57891754702905,31.123486920745805,13.892491,0.3460393751944958
20260202T180923_002_StackInput_DarkSubtracted_g_band.new,259.84866189956546,411.89479457719654,88.62586928902044,31.162398038466605,370913.9375,-13.923182487487793,88.62587388039478,31.162277824916025,10.06401,0.4329998482214309
20260202T180923_002_StackInput_DarkSubtracted_g_band.new,266.2353187634981,416.09883394968944,88.61743654717719,31.161427264454012,349005.9375,-13.85708236694336,88.61750407417462,31.161344312913183,10.277373,0.36393701395735895
20260202T180923_002_StackInput_DarkSubtracted_g_band.new,259.58763916401483,419.2570151582829,88.62071032585182,31.16785528064441,38086.45703125,-11.451926231384277,88.6204650639452,31.167773028576093,12.849615,0.8114503629537361
20260202T180923_002_StackInput_DarkSubtracted_g_band.new,307.1556519463603,422.66221160877683,88.5782958933391,31.14055283123993,53117.45703125,-11.813093185424805,88.5781324650796,31.140699395722756,12.132435,0.7293630197109355
20260202T180923_002_StackInput_DarkSubtracted_g_band.new,196.6927886865931,430.9909629478919,88.6649613952903,31.215618958315336,27972.95703125,-11.116846084594727,88.66488819876238,31.215481786742703,12.971419,0.5428093954273676
20260202T180923_002_StackInput_DarkSubtracted_g_band.new,290.8729629054712,434.3033682014002,88.58345456276753,31.159106793730412,12635.9560546875,-10.254020690917969,88.58329808494821,31.15897427306218,13.722283,0.678214211190454
20260202T180923_002_StackInput_DarkSubtracted_g_band.new,166.33277379980206,438.9203536858907,88.68468080528002,31.240301509071408,22605.95703125,-10.885557174682617,88.68469792316183,31.24013490479926,13.139378,0.6020852288498987
20260202T180923_002_StackInput_DarkSubtracted_g_band.new,286.96483989556236,439.20372254870335,88.58315387058859,31.16507437798556,69573.453125,-12.106108665466309,88.58306986140386,31.16505767594455,12.015602,0.26567921438486775
20260202T180923_002_StackInput_DarkSubtracted_g_band.new,205.4400991974256,443.0581879958407,88.64879725078696,31.21883004659519,20349.95703125,-10.771409034729004,88.64866024960088,31.218797286059825,12.877681,0.43796377582446194
20260202T180923_002_StackInput_DarkSubtracted_g_band.new,195.55716640559496,445.37479158173244,88.65540798646909,31.226675348142262,668353.4375,-14.562515258789062,88.65544529303163,31.2263581542328,9.003637,1.1476588720183136
20260202T180923_002_StackInput_DarkSubtracted_g_band.new,156.48242536086983,450.9553977294495,88.68416881598004,31.255117258132927,33741.45703125,-11.320409774780273,88.68438998952303,31.25493063261488,12.789401,0.956394700428129
20260202T180923_002_StackInput_DarkSubtracted_g_band.new,194.52056780267617,450.0320827083263,88.6528763923901,31.230673425294594,53446.45703125,-11.81979751586914,88.65251896812649,31.230397316255225,15.912071,1.482769256138425
20260202T180923_002_StackInput_DarkSubtracted_g_band.new,230.30908852330455,458.75355619522736,88.61643853813223,31.214567163840762,30763.45703125,-11.220088005065918,88.6165433810984,31.214223825123774,12.942969,1.2774742746206293
20260202T180923_002_StackInput_DarkSubtracted_g_band.new,335.9935538145139,461.8316642061542,88.52546970943774,31.15066387811069,56643.95703125,-11.882884979248047,88.52544637919344,31.150696622892724,12.165904,0.13806701725845494
20260202T180923_002_StackInput_DarkSubtracted_g_band.new,276.74545932325,463.5903123630798,88.57390932053818,31.18899934668315,42466.45703125,-11.570115089416504,88.57390135038625,31.188867901989575,12.33458,0.47383706892609107
20260202T180923_002_StackInput_DarkSubtracted_g_band.new,264.98924018040583,465.432757474021,88.58243300471437,31.197678329316766,67561.453125,-12.074247360229492,88.58237728041001,31.197563433382182,11.925945,0.44780732792460587
20260202T180923_002_StackInput_DarkSubtracted_g_band.new,189.55937955045798,466.5465037071666,88.64497856948988,31.24565410416237,34531.45703125,-11.345537185668945,88.64475069541169,31.245564054804383,12.523931,0.7726528549281584
20260202T180923_002_StackInput_DarkSubtracted_g_band.new,229.07076312577183,476.4291905280149,88.60456039983494,31.228052532601627,15830.9560546875,-10.498767852783203,88.60439174441184,31.22801125033403,12.942384,0.5400403503943476
20260202T181110_269_StackInput_DarkSubtracted_g_band.new,157.3121423703699,3.092513875076615,67.33099928181525,46.76019512711493,34450.734375,-11.342996597290039,67.33042996411731,46.76058790982077,12.72043,1.992681439186129
20260202T181110_269_StackInput_DarkSubtracted_g_band.new,533.3434566374285,17.332037430076245,67.02586072649875,46.4693687430204,22271.734375,-10.869384765625,67.02594647454268,46.4695904285139,13.0265255,0.8259025107726755
20260202T181110_269_StackInput_DarkSubtracted_g_band.new,232.81914096628762,20.9241838683678,67.25210271220487,46.7098956853681,48417.734375,-11.71251106262207,67.25169670375787,46.71009864737752,12.411462,1.240293676224694
20260202T181110_269_StackInput_DarkSubtracted_g_band.new,185.50400648167061,30.23202453932859,67.27773307109142,46.75232117752762,78748.234375,-12.240601539611816,67.27724500439534,46.752515701614904,11.949801,1.3927067762217653
20260202T181110_269_StackInput_DarkSubtracted_g_band.new,545.250616326009,40.24701932783513,66.99025210105515,46.47199912719225,18747.234375,-10.682343482971191,66.99001291730355,46.47235051690434,13.302883,1.3971055420667455
20260202T181110_269_StackInput_DarkSubtracted_g_band.new,430.30488373417376,44.13743872839346,67.0735941971489,46.56548698043025,22101.234375,-10.861042022705078,67.07353080327775,46.56544813096329,13.488071,0.21018956075674602
20260202T181110_269_StackInput_DarkSubtracted_g_band.new,442.52722086585004,43.89615395508881,67.06452030243317,46.55564420726741,20542.234375,-10.781620025634766,67.06409896609497,46.555620088059534,13.246664,1.046642743427345
20260202T181110_269_StackInput_DarkSubtracted_g_band.new,581.7475516599827,51.78448957201563,66.94906688397563,46.44902404760417,581418.25,-14.411221504211426,66.94894352589031,46.449280147337134,9.265268,0.9714062510447364
20260202T181110_269_StackInput_DarkSubtracted_g_band.new,308.7242664713621,59.70741017967798,67.14873593039911,46.670286576861955,22438.234375,-10.877471923828125,67.14863899248044,46.67012150575335,13.343025,0.6406905692859826
20260202T181110_269_StackInput_DarkSubtracted_g_band.new,160.97668264699223,68.0485917104572,67.25268919007635,46.79183733421941,50359.734375,-11.755208969116211,67.25236222101877,46.791885550077005,12.492317,0.8243754660337161
20260202T181110_269_StackInput_DarkSubtracted_g_band.new,391.78596508235995,80.54868540450114,67.06087443562924,46.61535255629283,772298.25,-14.719462394714355,67.0607647523991,46.61519375761154,8.551842,0.6327530963168827
20260202T181110_269_StackInput_DarkSubtracted_g_band.new,170.98997043056494,85.82784270457968,67.22430789048389,46.79334185368725,22175.734375,-10.86469554901123,67.22396812162486,46.79291145968488,13.532221,1.7612423696876325
20260202T181110_269_StackInput_DarkSubtracted_g_band.new,261.4448180939695,87.72789833925304,67.15251755736053,46.72264065728386,19747.734375,-10.73879337310791,67.1522986054534,46.722284994347945,13.509264,1.3897387681088655
20260202T181110_269_StackInput_DarkSubtracted_g_band.new,347.7579666720318,95.77891189968287,67.07693682911295,46.65838340316503,17121.234375,-10.58383846282959,67.07708256064033,46.65815999325236,13.536811,0.8812025262888422
20260202T181110_269_StackInput_DarkSubtracted_g_band.new,174.28902813348205,112.31832980403843,67.19097076811569,46.80477094734575,23115.734375,-10.909769058227539,67.190669413283,46.804704206537906,13.079038,0.7804867793809424
20260202T181110_269_StackInput_DarkSubtracted_g_band.new,562.6007467993119,116.35017295204405,66.8889282802665,46.49828704785509,19018.234375,-10.697925567626953,66.88901238461028,46.49840223587335,13.197671,0.4641090302617848
20260202T181110_269_StackInput_DarkSubtracted_g_band.new,387.1742088032451,118.12243917791456,67.02082494637258,46.638859484755244,37051.734375,-11.422021865844727,67.02046678856746,46.63881654705614,12.916371,0.8986672355326074
20260202T181110_269_StackInput_DarkSubtracted_g_band.new,544.3261026502688,121.48292276116113,66.89690893680365,46.51555016413844,32167.234375,-11.268534660339355,66.89705206668239,46.515435951009025,12.803863,0.5429452483774684
20260202T181110_269_StackInput_DarkSubtracted_g_band.new,327.26534511616245,124.31589078491692,67.05952357523375,46.68973789637018,31156.734375,-11.233879089355469,67.05962362561834,46.68934102430087,12.786678,1.449944290839079
20260202T181110_269_StackInput_DarkSubtracted_g_band.new,419.33480174470213,126.02541907143548,66.98705620180428,46.61745234638306,111881.234375,-12.621892929077148,66.98711777951753,46.617265341671704,11.525952,0.690221401554261
20260202T181110_269_StackInput_DarkSubtracted_g_band.new,497.75803723513104,127.18147525855483,66.92581742024822,46.555644291282505,53371.734375,-11.818277359008789,66.92582016395092,46.55569523704855,12.335357,0.18353048341552342
20260202T181110_269_StackInput_DarkSubtracted_g_band.new,534.4021494474985,141.49881756742312,66.8812878289804,46.533983899575155,111136.734375,-12.614643096923828,66.8813957355016,46.533898390004964,11.526831,0.4076467458298885
20260202T181110_269_StackInput_DarkSubtracted_g_band.new,396.050848537531,144.19351931054774,66.98378740832419,46.645547439494024,23401.734375,-10.92311954498291,66.9837605862358,46.645333394665045,13.607038,0.7734074618332236
20260202T181110_269_StackInput_DarkSubtracted_g_band.new,624.2410923597517,144.72455505840588,66.80917559842841,46.464038708448946,25762.734375,-11.027480125427246,66.80951433431837,46.464028481606896,12.722113,0.8407750059744423
20260202T181110_269_StackInput_DarkSubtracted_g_band.new,534.6776294186957,150.39619097522188,66.87077054871597,46.53844049854867,75923.734375,-12.200944900512695,66.8707479006919,46.538492170705915,11.919327,0.19429037016561945
20260202T181110_269_StackInput_DarkSubtracted_g_band.new,603.9826687674096,169.22156865307102,66.79621956711169,46.49305363962742,64612.234375,-12.025786399841309,66.79622752745867,46.49310711621706,12.049636,0.19352398134718707
20260202T181110_269_StackInput_DarkSubtracted_g_band.new,589.7730643306656,175.58700658332143,66.79965348511787,46.50772902800783,84620.234375,-12.318685531616211,66.7998137048262,46.50754835810882,12.546577,0.761990247170395
20260202T181110_269_StackInput_DarkSubtracted_g_band.new,68.02136180474768,182.38940704791537,67.1913034913345,46.92605720435255,31076.234375,-11.231070518493652,67.19193135780739,46.92603570379316,12.86403,1.5456057890186274
20260202T181110_269_StackInput_DarkSubtracted_g_band.new,555.9786655922713,182.48121575828475,66.81737814044118,46.53830167485996,25186.234375,-11.002907752990723,66.81731230098413,46.53824284966652,13.236344,0.2672619995393529
20260202T181110_269_StackInput_DarkSubtracted_g_band.new,638.5347083587997,186.20945502362736,66.75030012148372,46.47437492584181,42796.234375,-11.578513145446777,66.75031260484188,46.47429593726118,12.494711,0.28603817673384785
20260202T181110_269_StackInput_DarkSubtracted_g_band.new,89.84136201264873,197.38641004729052,67.15701860024134,46.916703069072916,27523.234375,-11.099248886108398,67.15731320492718,46.91676079169723,13.034553,0.7536525227623957
20260202T181110_269_StackInput_DarkSubtracted_g_band.new,425.994624358891,198.35060831074603,66.89806702889477,46.65021156804809,36632.734375,-11.409673690795898,66.89829884913215,46.64997830854169,12.738393,1.016536076135989
20260202T181110_269_StackInput_DarkSubtracted_g_band.new,535.810515732911,203.52356776351613,66.80834587229926,46.56541892137535,18256.234375,-10.653528213500977,66.80807308389116,46.56538005548013,13.551792,0.6895221599861014
20260202T181110_269_StackInput_DarkSubtracted_g_band.new,511.7520725897425,210.09262891695346,66.81904998984406,46.58804640268634,37638.734375,-11.4390869140625,66.81909467727961,46.58775087536271,12.727034,1.0696275916853029
20260202T181110_269_StackInput_DarkSubtracted_g_band.new,260.8989171900094,214.12973356761842,67.0060610429534,46.78981700370938,7472.734375,-9.683698654174805,67.00611068617543,46.78960933052313,14.300501,0.7575707675960918
20260202T181110_269_StackInput_DarkSubtracted_g_band.new,423.01746532543103,214.25667818318595,66.881881816302,46.66093504523229,26969.234375,-11.077171325683594,66.88226760482273,46.66067617306857,13.203971,1.3330672123836043
20260202T181110_269_StackInput_DarkSubtracted_g_band.new,281.6996409525394,214.59703650293943,66.9895736871976,46.773534904924,40191.234375,-11.51032829284668,66.98971294435928,46.773286588239245,12.791995,0.9576108412532928
20260202T181110_269_StackInput_DarkSubtracted_g_band.new,416.26949355825553,217.81124584126047,66.88290810548202,46.66817441745923,234578.234375,-13.42572021484375,66.88297389182792,46.66781264981315,10.663773,1.312464568352709
20260202T181110_269_StackInput_DarkSubtracted_g_band.new,112.78978154273152,231.69490786065668,67.0993916113821,46.916627780313505,15857.734375,-10.500602722167969,67.09984398173931,46.916589166714516,13.623566,1.1210412835144157
20260202T181110_269_StackInput_DarkSubtracted_g_band.new,614.5384106444026,234.3657913070914,66.71275950234484,46.518730577440344,214525.234375,-13.328696250915527,66.71299565492549,46.51867149720833,10.667621,0.6224667596615566
20260202T181110_269_StackInput_DarkSubtracted_g_band.new,648.1385472159996,240.63715658446438,66.67999945995206,46.495164137453045,106032.734375,-12.563599586486816,66.6802480357371,46.49519094106697,11.430322,0.6235556507482221
20260202T181110_269_StackInput_DarkSubtracted_g_band.new,201.07088587685095,246.16554747960745,67.01469593459302,46.85420013769779,28108.734375,-11.122102737426758,67.0146254606843,46.85378014445746,13.079055,1.5218976496656922
20260202T181110_269_StackInput_DarkSubtracted_g_band.new,317.33906755050845,254.81493272871282,66.91553953663255,46.76633728377531,185678.734375,-13.171905517578125,66.91578101650857,46.76591756877775,10.994516,1.6240773261666943
20260202T181110_269_StackInput_DarkSubtracted_g_band.new,485.20829438654624,267.3344959969814,66.77287419874433,46.63918763753347,25739.734375,-11.026510238647461,66.77319671900374,46.639046132678196,13.302916,0.9460476915545929
20260202T181110_269_StackInput_DarkSubtracted_g_band.new,511.5946859009839,277.1587042896492,66.7413936714075,46.62327519262552,70553.234375,-12.121292114257812,66.74146500175483,46.623036883198246,12.028852,0.8758536533441462
20260202T181110_269_StackInput_DarkSubtracted_g_band.new,505.1394364033451,291.06984021226117,66.73016599978739,46.63569416658934,29535.734375,-11.175869941711426,66.73022910283532,46.635480765349726,12.774763,0.7839199554355901
20260202T181110_269_StackInput_DarkSubtracted_g_band.new,541.094586188061,291.84398055445854,66.7019290267277,46.60739971128525,25587.234375,-11.020058631896973,66.70195781207883,46.60746151005176,12.9796095,0.2335884550222329
20260202T181110_269_StackInput_DarkSubtracted_g_band.new,52.32457206165927,295.65367372770316,67.0714026147862,46.99827361952105,63805.234375,-12.012140274047852,67.07145205119686,46.99818145715603,12.102107,0.3532903489042491
20260202T181110_269_StackInput_DarkSubtracted_g_band.new,203.71364325479175,317.978804749997,66.9290774324041,46.88983038721676,58062.234375,-11.909733772277832,66.92952374346717,46.88943248703191,12.182598,1.8048772988354742
20260202T181110_269_StackInput_DarkSubtracted_g_band.new,575.0107552864537,335.1253605227104,66.62597862020202,46.60287009445521,13070.234375,-10.290708541870117,66.62602223727369,46.60297295188058,13.623582,0.3856821451681253
20260202T181110_269_StackInput_DarkSubtracted_g_band.new,84.21699055069071,337.8048637261738,66.99771373143257,46.99513937744265,78909.734375,-12.242826461791992,66.99813351449404,46.99491035397501,11.781274,1.3199278887037469
20260202T181110_269_StackInput_DarkSubtracted_g_band.new,127.95154020146401,339.0036047391398,66.96271283269776,46.9610495657607,111250.234375,-12.615752220153809,66.96324148318098,46.960717878608094,11.529501,1.764348607431759
20260202T181110_269_StackInput_DarkSubtracted_g_band.new,267.2019984464561,341.010094204827,66.85364904193489,46.85140692026242,905383.25,-14.892081260681152,66.85346367474632,46.85181031919988,6.5710397,1.5222575212136982
20260202T181110_269_StackInput_DarkSubtracted_g_band.new,172.724212959214,342.3101672253859,66.92450105605319,46.92721669030269,582986.25,-14.414146423339844,66.92456213532238,46.92700872666571,9.361632,0.7635805216369881
20260202T181110_269_StackInput_DarkSubtracted_g_band.new,267.2797886591026,341.6523384600885,66.85284211726547,46.85168112761495,963828.25,-14.959999084472656,66.85346367474632,46.85181031919988,6.5710397,1.5993891561528721
20260202T181110_269_StackInput_DarkSubtracted_g_band.new,637.7727667821724,355.32512982876557,66.55498736249852,46.56318956548397,105761.234375,-12.560815811157227,66.55497859030923,46.563224916822215,11.437439,0.12910376689824016
20260202T181110_269_StackInput_DarkSubtracted_g_band.new,544.373803850541,361.67489304060115,66.61842938682499,46.6411697963524,69821.234375,-12.109968185424805,66.61851151181689,46.64082828344129,11.791579,1.2460902874734054
20260202T181110_269_StackInput_DarkSubtracted_g_band.new,570.2836415912437,368.0085393091392,66.59142269820224,46.62375510887692,18626.734375,-10.675342559814453,66.59163191756208,46.62330633637196,13.336314,1.6963735286337354
20260202T181110_269_StackInput_DarkSubtracted_g_band.new,521.3013501313551,368.803061807609,66.6276735871814,46.663312747361836,26838.234375,-11.071884155273438,66.62769416451884,46.663042580450046,13.197416,0.9739286820778326
20260202T181110_269_StackInput_DarkSubtracted_g_band.new,559.2329924914765,375.61723363859346,66.59097663641556,46.636544048933466,52042.234375,-11.790889739990234,66.59115152060322,46.63633941800114,12.360115,0.8541412576557432
20260202T181110_269_StackInput_DarkSubtracted_g_band.new,460.45529747347217,375.8463929758152,66.66573695430391,46.71556868279836,21747.234375,-10.843510627746582,66.66578269448976,46.71524367570015,13.137974,1.175459788695544
20260202T181110_269_StackInput_DarkSubtracted_g_band.new,290.71802493213306,381.17623481030864,66.78892609383381,46.85368330721995,56407.234375,-11.878336906433105,66.78885121270572,46.853220669474986,12.379693,1.6756676159780934
20260202T181110_269_StackInput_DarkSubtracted_g_band.new,467.6454277191344,383.3625002708316,66.65153871179453,46.71374110445695,181649.734375,-13.148087501525879,66.65170585671959,46.71347265595095,11.39522,1.050794654973519
20260202T181110_269_StackInput_DarkSubtracted_g_band.new,421.755122639293,385.49041830374176,66.68397848071949,46.75147692798213,46112.734375,-11.659551620483398,66.6839401205372,46.75139242357081,12.425113,0.3185907247919772
20260202T181110_269_StackInput_DarkSubtracted_g_band.new,213.64303014864123,392.86158629097326,66.83425967908816,46.92113870644014,25481.234375,-11.01555061340332,66.83426404539316,46.920809860369694,13.218111,1.1838945333766215
20260202T181110_269_StackInput_DarkSubtracted_g_band.new,475.97068768865836,409.8373028228294,66.61445679421469,46.7208615117165,34432.734375,-11.342429161071777,66.61442285351399,46.720792776599126,12.616247,0.26124007978201896
20260202T181110_269_StackInput_DarkSubtracted_g_band.new,465.7857835059911,411.2434082866568,66.62056268125248,46.72972704719531,17278.734375,-10.593780517578125,66.62057347106548,46.729456778298776,13.6590395,0.9733322484670717
20260202T181110_269_StackInput_DarkSubtracted_g_band.new,121.06618294098097,420.76474442955623,66.87266676928468,47.00934087458051,209053.234375,-13.300642013549805,66.8729525832541,47.00918183144286,10.778299,0.9055783364002488
20260202T181110_269_StackInput_DarkSubtracted_g_band.new,228.8293704266957,425.95372140166364,66.78408882632004,46.926330238980825,11437.234375,-10.14580249786377,66.78432920121944,46.92580481334836,13.592413,1.9817051946802944
20260202T181110_269_StackInput_DarkSubtracted_g_band.new,352.44975614719453,432.2318197458077,66.68241102408525,46.83109654392552,14082.234375,-10.371679306030273,66.68194444169774,46.83105895705784,13.577112,1.1571061361001138
20260202T181110_269_StackInput_DarkSubtracted_g_band.new,192.5664647917254,441.56889553601343,66.79363112173029,46.963339078034494,60414.734375,-11.95285701751709,66.79344946212133,46.963267037314836,12.297526,0.5161961692489091
20260202T181110_269_StackInput_DarkSubtracted_g_band.new,220.9057559447003,445.9461015846806,66.76685224613999,46.943063082787866,99663.734375,-12.496342658996582,66.76707241784045,46.942744652110306,11.559493,1.2676567438200403
20260202T181110_269_StackInput_DarkSubtracted_g_band.new,199.82993065580206,455.2374347674797,66.77214064099772,46.964684496423295,166031.234375,-13.050474166870117,66.77239253131452,46.964399777960416,10.9538355,1.1973188728894866
20260202T181110_269_StackInput_DarkSubtracted_g_band.new,253.85591730677882,455.32386583145285,66.7307451219743,46.92170615075745,39351.234375,-11.487396240234375,66.73118535248622,46.921478969113075,12.602368,1.3566701130361971
20260202T181110_269_StackInput_DarkSubtracted_g_band.new,395.07619082005516,456.4116198112389,66.62182299223427,46.80965341787839,127157.234375,-12.760852813720703,66.62178858371097,46.80954963950306,11.291036,0.3831008315687138
20260202T181110_269_StackInput_DarkSubtracted_g_band.new,147.91307556854593,458.1001419193896,66.8085411918673,47.00748999133259,28386.734375,-11.13278865814209,66.80871517274272,47.007262100875295,12.969905,0.9249205334276974
20260202T181110_269_StackInput_DarkSubtracted_g_band.new,556.0007813872954,460.08102110986874,66.49538779961088,46.6829450896387,276766.25,-13.605281829833984,66.49528762277792,46.68291081429234,10.37981,0.2764720719713106
20260202T181110_269_StackInput_DarkSubtracted_g_band.new,284.7454856900687,463.1260154311712,66.69807498731029,46.901151780443804,86713.734375,-12.345219612121582,66.69805482844603,46.90098292034378,11.633641,0.6099153269815611
20260202T181110_269_StackInput_DarkSubtracted_g_band.new,518.9658466121334,472.9983377984639,66.50845020494157,46.71926023828419,105918.734375,-12.562432289123535,66.50829224672987,46.719201474665454,11.422735,0.4435505485956616
20260202T181110_269_StackInput_DarkSubtracted_g_band.new,489.6012300100503,486.01842947118865,66.5155885849242,46.74948502159587,27826.1875,-11.11113452911377,66.51541575314126,46.74935615629828,12.5901985,0.630053420757724
20260202T181320_905_StackInput_DarkSubtracted_g_band.new,88.83034849352264,81.86357017309061,151.7979429621678,35.50002939476763,60137.2734375,-11.947859764099121,151.79818342595505,35.500026285382695,11.783363,0.7048437297394634
20260202T181320_905_StackInput_DarkSubtracted_g_band.new,590.324619944451,111.71150440496089,151.33028142977568,35.21092079177943,123986.2734375,-12.733434677124023,151.33052151426418,35.21045477818842,10.817355,1.8202143497987504
20260202T181320_905_StackInput_DarkSubtracted_g_band.new,250.32773618041864,116.72747380371575,151.62759171818092,35.425080930010665,90053.7734375,-12.386255264282227,151.62771064053544,35.42530648225555,11.521525,0.8837593604397379
20260202T181320_905_StackInput_DarkSubtracted_g_band.new,191.63436002597376,134.1543287382149,151.66654401127496,35.4741177821052,187004.78125,-13.179631233215332,151.6665177296387,35.47420214670471,10.417976,0.31333406680597575
20260202T181320_905_StackInput_DarkSubtracted_g_band.new,332.73499656639393,135.456292736821,151.5401708380457,35.38756171735416,159556.28125,-13.007284164428711,151.54016293720767,35.387647354773385,10.700866,0.30916552688227344
20260202T181320_905_StackInput_DarkSubtracted_g_band.new,605.6310553570753,137.34293439167737,151.2973376592148,35.22001131570755,143223.28125,-12.890033721923828,151.29747430227442,35.219816275512514,10.635186,0.8090145136505391
20260202T181320_905_StackInput_DarkSubtracted_g_band.new,45.49654490279323,240.1765820279752,151.716075831035,35.641704543366856,78970.2734375,-12.243659973144531,151.7159513576032,35.64155573043522,11.5202055,0.6477797660503912
20260202T181320_905_StackInput_DarkSubtracted_g_band.new,460.19644933037074,307.9948305207722,151.2962244195716,35.43352183073297,60978.7734375,-11.962946891784668,151.29584150223022,35.43335535144027,11.936844,1.27308501820456
20260202T181457_937_StackInput_DarkSubtracted_g_band.new,93.18259885337567,84.6403409584718,151.79816976014902,35.49991366982786,61599.60546875,-11.973944664001465,151.79818342595505,35.500026285382695,11.783363,0.4073896068260479
20260202T181457_937_StackInput_DarkSubtracted_g_band.new,254.70997775603115,119.80125295368802,151.6275894230153,35.42513231891875,93202.609375,-12.42357063293457,151.62771064053544,35.42530648225555,11.521525,0.7208071582092674
20260202T181457_937_StackInput_DarkSubtracted_g_band.new,195.86901256723672,137.0803096966634,151.66663890118778,35.47418142327463,199001.109375,-13.247138023376465,151.6665177296387,35.47420214670471,10.417976,0.3629947929982311
20260202T181457_937_StackInput_DarkSubtracted_g_band.new,337.18683132403874,138.62942695504714,151.54005919249494,35.387570483682694,162159.609375,-13.024856567382812,151.54016293720767,35.387647354773385,10.700866,0.4114507939521331
20260202T181457_937_StackInput_DarkSubtracted_g_band.new,609.8832843242102,140.7800923246785,151.29759935053647,35.220009780270246,153097.609375,-12.962421417236328,151.29747430227442,35.219816275512514,10.635186,0.7877359748323074
20260202T181457_937_StackInput_DarkSubtracted_g_band.new,49.531147699532504,242.55880082299845,151.7161847666452,35.64163501690505,94403.609375,-12.437471389770508,151.7159513576032,35.64155573043522,11.5202055,0.7401241636013883
20260202T181609_569_StackInput_DarkSubtracted_g_band.new,551.2440741509018,41.906262513594726,131.9229633810065,46.752648583264275,60374.8125,-11.952138900756836,131.9231399451155,46.75246757968334,11.986226,0.7837486800628454
20260202T181609_569_StackInput_DarkSubtracted_g_band.new,514.5615040185191,163.0419222035878,131.81897610455235,46.84999373007963,21205.314453125,-10.81611156463623,131.81896341348107,46.8498203938449,12.9859915,0.6247922673241821
20260202T181609_569_StackInput_DarkSubtracted_g_band.new,55.16376982904666,167.5840279252567,132.2006299815892,47.201806955266846,260564.3125,-13.539787292480469,132.2004418184297,47.201866676856746,10.356671,0.5079712378895064
20260202T181609_569_StackInput_DarkSubtracted_g_band.new,58.02600884986259,203.90346353094148,132.15760653819953,47.22058053384467,328578.34375,-13.791597366333008,132.15753724535355,47.22052765240923,10.153586,0.25484580197567086
20260202T181609_569_StackInput_DarkSubtracted_g_band.new,385.9012658277024,204.85022144029355,131.88009004555656,46.971833633515615,57601.3125,-11.901081085205078,131.88009775397953,46.97185367350892,12.321829,0.07458761249990552
20260202T181609_569_StackInput_DarkSubtracted_g_band.new,428.3684802857263,216.14942270900877,131.83188680820084,46.94599088171352,134432.8125,-12.821263313293457,131.8320187846501,46.94592597975835,11.112474,0.3997466222118785
20260202T181609_569_StackInput_DarkSubtracted_g_band.new,463.8178206828924,258.6891068460422,131.7547262428408,46.9433373203892,85852.8125,-12.334385871887207,131.75480226758958,46.94350056197457,12.371352,0.616660167466965
20260202T181609_569_StackInput_DarkSubtracted_g_band.new,117.74242113615087,269.55705925804654,132.03357609281704,47.21297545186647,51200.8125,-11.773191452026367,132.03365546446958,47.21296840396005,12.117025,0.1957460393508005
20260202T181609_569_StackInput_DarkSubtracted_g_band.new,587.154066896863,292.58616796007055,131.61393888075565,46.86870437930561,84125.8125,-12.312322616577148,131.6136144651338,46.86869124745494,11.551344,0.7998569135721546
20260202T181609_569_StackInput_DarkSubtracted_g_band.new,299.4186932680844,324.59985464839093,131.81879758400856,47.10624763311735,100100.8125,-12.501094818115234,131.8188359026515,47.10628623339957,11.580082,0.1677079355962893
20260202T181609_569_StackInput_DarkSubtracted_g_band.new,162.13160126982822,348.23754772081145,131.9078779971878,47.22434904312793,124525.8125,-12.738147735595703,131.90775663474346,47.22451893189367,11.261046,0.6797745741588198
20260202T181609_569_StackInput_DarkSubtracted_g_band.new,413.0190701856494,352.0558215531057,131.6927806913552,47.0353623081358,55373.8125,-11.858261108398438,131.6928456971497,47.0354095072236,12.219904,0.23304656000262672
20260202T181609_569_StackInput_DarkSubtracted_g_band.new,132.09874336117718,369.77482083684964,131.90904708590966,47.25956483958055,34988.3125,-11.359807014465332,131.90886616546564,47.25942746267556,12.505048,0.6633095461291786
20260202T181609_569_StackInput_DarkSubtracted_g_band.new,66.01297251261398,372.76799179101965,131.96154034451882,47.311611024850386,615555.75,-14.473169326782227,131.96152298741205,47.3112745375159,9.182413,1.2120950346565722
20260202T181609_569_StackInput_DarkSubtracted_g_band.new,372.60000540582865,427.3336515497567,131.6421804409318,47.10910742088148,49299.3125,-11.732102394104004,131.6417017136368,47.1090016833917,12.206064,1.2331870791766684
20260202T181609_569_StackInput_DarkSubtracted_g_band.new,128.41499097255004,442.54687922234905,131.83034023316225,47.30403088957328,182949.3125,-13.155827522277832,131.83066489906366,47.30409600418928,10.679853,0.8265088326220457
20260202T181609_569_StackInput_DarkSubtracted_g_band.new,647.1577407418091,483.50885054335066,131.35027156849412,46.93133433623434,38573.8125,-11.465731620788574,131.34995540602102,46.9312587767685,11.660997,0.8234623867087252
20260202T181750_202_StackInput_DarkSubtracted_g_band.new,234.74687249459802,21.175617165817705,43.784086564678574,5.508763860140731,182293.4375,-13.15192699432373,43.783682351623376,5.508535010574932,10.768457,1.6663554110427876
20260202T181750_202_StackInput_DarkSubtracted_g_band.new,103.05956421620094,30.237887474609778,43.90930905759078,5.496312997114658,466231.4375,-14.171504020690918,43.90924397808179,5.496152747980045,9.545124,0.6222511552687494
20260202T181750_202_StackInput_DarkSubtracted_g_band.new,45.802420279179145,41.5496125951285,43.964924634144296,5.497785856466912,103754.9296875,-12.540021896362305,43.965094871334024,5.497831473363619,11.273331,0.6317521513426964
20260202T181750_202_StackInput_DarkSubtracted_g_band.new,150.16527478920847,46.98438387910795,43.86764742423144,5.519535969735193,43719.4296875,-11.601686477661133,43.867462091664635,5.519459705955808,12.408899,0.7186176583076549
20260202T181750_202_StackInput_DarkSubtracted_g_band.new,220.1453652450715,78.2054390033782,43.80662529377945,5.559970098865107,74118.9296875,-12.174823760986328,43.80638150060735,5.559690989039697,11.855036,1.3314136748254615
20260202T181750_202_StackInput_DarkSubtracted_g_band.new,511.224353940541,107.67057192468967,43.5364583803051,5.633617117243264,365703.9375,-13.90782356262207,43.536491227119726,5.633300666261466,9.902344,1.145285220792678
20260202T181750_202_StackInput_DarkSubtracted_g_band.new,584.7838757080743,108.06081651508686,43.467012843510595,5.645525275554569,484143.4375,-14.212435722351074,43.4669516556331,5.645168847746021,9.577954,1.301729881874947
20260202T181750_202_StackInput_DarkSubtracted_g_band.new,45.59676259350939,139.90437043038116,43.98085650026868,5.590092164715587,521888.9375,-14.2939453125,43.98074073623253,5.5901000129833625,9.360595,0.4157297702054454
20260202T181750_202_StackInput_DarkSubtracted_g_band.new,206.3870356729063,164.9135310057169,43.83304750079653,5.639210235313064,153945.4375,-12.968417167663574,43.833067240806656,5.639159287632927,11.028947,0.19657356832169312
20260202T181750_202_StackInput_DarkSubtracted_g_band.new,226.4755610836972,165.96282011199784,43.81423184039603,5.643387041248122,20299.4296875,-10.768709182739258,43.81458138396997,5.643410352440024,13.619516,1.2550666792822074
20260202T181750_202_StackInput_DarkSubtracted_g_band.new,155.75739935284298,183.77344784840707,43.88383097254388,5.6488755672504665,87057.4296875,-12.349514961242676,43.883931903836114,5.648870371019244,11.614509,0.36207169575369474
20260202T181750_202_StackInput_DarkSubtracted_g_band.new,174.14012015603333,220.4947920799896,43.87221215486674,5.686307708398837,28840.4296875,-11.150005340576172,43.87233147462024,5.6863493337878666,13.122575,0.4529438914483365
20260202T181750_202_StackInput_DarkSubtracted_g_band.new,137.52795184805635,316.77271134502536,43.92207642307395,5.770997073924619,82407.9296875,-12.289922714233398,43.922182756493704,5.771018579283067,11.673348,0.3886492199653464
20260202T181750_202_StackInput_DarkSubtracted_g_band.new,154.4178033410278,335.8626926237418,43.909063200286084,5.791643363273247,170210.9375,-13.077468872070312,43.90913119908182,5.791555677159752,10.893531,0.39870071658209955
20260202T181750_202_StackInput_DarkSubtracted_g_band.new,74.304806569419,363.4760340075168,43.98955408580543,5.804846368225079,73822.4296875,-12.17047119140625,43.98922747919398,5.804858174082981,11.7220545,1.1705264033019147
20260202T181750_202_StackInput_DarkSubtracted_g_band.new,104.76297523520158,386.56548585502105,43.96430388673139,5.8314341689378315,220276.4375,-13.357419967651367,43.96426448745685,5.831411599584891,10.612802,0.16282407146413808
20260202T181750_202_StackInput_DarkSubtracted_g_band.new,175.92395245330354,398.42822166225807,43.898492845972875,5.853934912266493,80519.4296875,-12.264751434326172,43.89893132887294,5.853720719089384,11.720316,1.7494147255939636
20260202T181750_202_StackInput_DarkSubtracted_g_band.new,28.535910903603682,410.347608578685,44.040627724056755,5.841639155712583,31401.4296875,-11.242372512817383,44.040116828513824,5.841850372332042,12.689695,1.9813831139756346
20260202T181944_118_StackInput_DarkSubtracted_g_band.new,158.07023436809106,8.931710987196421,45.111605327216765,17.96898733191165,33192.3515625,-11.302595138549805,45.11192028087602,17.969076192707004,12.720591,1.1249708103594689
20260202T181944_118_StackInput_DarkSubtracted_g_band.new,223.29360806165482,34.664320207469984,45.05257705333812,18.005198118168924,210402.84375,-13.307628631591797,45.052747993991176,18.00512968977012,10.682001,0.6349819896713095
20260202T181944_118_StackInput_DarkSubtracted_g_band.new,146.23618660340637,49.776961704576934,45.13127324140032,18.00496634282618,920837.8125,-14.9104585647583,45.1312721111307,18.0048673376534,6.816704,0.3564396285328522
20260202T181944_118_StackInput_DarkSubtracted_g_band.new,145.6742603631697,50.36158125972592,45.131940557032145,18.00540800870597,918683.3125,-14.907914161682129,45.131764033978314,18.005294691116667,9.572351,0.7291577729247247
20260202T181944_118_StackInput_DarkSubtracted_g_band.new,549.219743236694,56.01320943277873,44.736550333148756,18.08544930798263,36431.8515625,-11.403703689575195,44.73649317409758,18.085594079083137,12.5662365,0.5566742126869907
20260202T181944_118_StackInput_DarkSubtracted_g_band.new,650.8124737439432,63.07308703323812,44.63813996891143,18.110694426931307,26678.8125,-11.06541633605957,44.6376992269863,18.110872223009153,12.368935,1.6382728651299587
20260202T181944_118_StackInput_DarkSubtracted_g_band.new,459.02594177699325,74.25597649375707,44.828703089882566,18.085904153220866,23822.3515625,-10.942461013793945,44.82883315401314,18.085724677951514,13.083143,0.7845830456632186
20260202T181944_118_StackInput_DarkSubtracted_g_band.new,403.5170655599164,78.43431539900942,44.88405764182569,18.07956007845768,17156.8515625,-10.58609390258789,44.88406252328935,18.079455187073567,13.840834,0.3779783349046171
20260202T181944_118_StackInput_DarkSubtracted_g_band.new,274.1325667879003,90.06051204938049,45.01348132567977,18.066449997233928,291712.84375,-13.66238784790039,45.013531720250434,18.066363546066196,10.355697,0.35582085378712985
20260202T181944_118_StackInput_DarkSubtracted_g_band.new,301.63058950421345,115.11107018384143,44.99135783838408,18.094981695697893,27711.8515625,-11.106663703918457,44.991803757346084,18.094889685539375,13.290963,1.5614524483003704
20260202T181944_118_StackInput_DarkSubtracted_g_band.new,251.78347380901428,138.37022221017506,45.04491541923983,18.107464803847563,22666.8515625,-10.888477325439453,45.04510503595586,18.107416393350693,13.359592,0.6718124203302959
20260202T181944_118_StackInput_DarkSubtracted_g_band.new,565.8086243992475,152.64444173780706,44.73901649768825,18.1788968837392,585279.8125,-14.41840934753418,44.73902960431873,18.17850807048516,9.298397,1.4004453931079113
20260202T181944_118_StackInput_DarkSubtracted_g_band.new,290.54182350728865,160.86136557354985,45.01121023051025,18.135700683684643,26155.8515625,-11.04392147064209,45.011309620901834,18.135596662879564,13.207587,0.5058182980881715
20260202T181944_118_StackInput_DarkSubtracted_g_band.new,616.9848300936101,172.22439000748824,44.69251600367563,18.20661442713038,155221.359375,-12.977378845214844,44.69251522555796,18.206635490927464,11.05606,0.07587634418934007
20260202T181944_118_StackInput_DarkSubtracted_g_band.new,97.35659642795555,188.93595304620504,45.20671135787797,18.125911722213466,36606.8515625,-11.408905982971191,45.20656043197954,18.125913202229665,12.707679,0.5163978799539986
20260202T181944_118_StackInput_DarkSubtracted_g_band.new,388.6595052453863,237.40346073335257,44.9296619460494,18.22547607761086,162996.359375,-13.030444145202637,44.92975092406897,18.225398781347096,10.950746,0.41231202172249704
20260202T181944_118_StackInput_DarkSubtracted_g_band.new,251.01108429909476,270.0011575230493,45.0714378310417,18.23038359480218,54042.3515625,-11.831835746765137,45.071605093736636,18.230282618982272,12.223791,0.6776698102935065
20260202T181944_118_StackInput_DarkSubtracted_g_band.new,112.56588765236572,290.156200366061,45.21163363739667,18.223363168256032,281227.84375,-13.62264633178711,45.2116206545339,18.22334673271876,10.282551,0.07397082693645912
20260202T181944_118_StackInput_DarkSubtracted_g_band.new,430.97566116225795,297.6809366957897,44.89976481473801,18.289675796361802,136921.859375,-12.841181755065918,44.89977397837451,18.28973502190017,11.3332615,0.21550042308741582
20260202T181944_118_StackInput_DarkSubtracted_g_band.new,446.89450686743913,307.98087364980137,44.88610414242397,18.302252178424688,65673.3515625,-12.043472290039062,44.886131988230325,18.302464159543895,12.0553255,0.7690439130861179
20260202T181944_118_StackInput_DarkSubtracted_g_band.new,481.3131945022616,327.19982836512884,44.855969720286716,18.32658618221167,43618.8515625,-11.599185943603516,44.85583494387178,18.326559333244795,12.49812,0.47061851604888355
20260202T181944_118_StackInput_DarkSubtracted_g_band.new,598.422177379045,343.64032524114384,44.743928623456924,18.363547926623323,233419.359375,-13.420342445373535,44.743977068638735,18.36344344575936,10.481543,0.41094037368569525
20260202T181944_118_StackInput_DarkSubtracted_g_band.new,551.5325253924965,345.5145586552193,44.79042601192125,18.356668930972035,47228.8515625,-11.685518264770508,44.79056467375766,18.35645183140388,12.229545,0.9139489763556106
20260202T181944_118_StackInput_DarkSubtracted_g_band.new,109.88099295529815,347.2021327751718,45.22547020442754,18.276172602774835,40374.8515625,-11.515277862548828,45.225537226614996,18.276106221222015,12.49208,0.3310577210813828
20260202T181944_118_StackInput_DarkSubtracted_g_band.new,452.3880548250009,368.7528506461838,44.892497153054194,18.360094800796322,67236.3515625,-12.069010734558105,44.89257498792182,18.359996630986718,11.834808,0.4422947633097056
20260202T181944_118_StackInput_DarkSubtracted_g_band.new,428.7158760019282,388.4806326405687,44.919627199560246,18.37415882337429,28228.8515625,-11.12673282623291,44.919710063254925,18.374110075768318,13.077245,0.3330816893701613
20260202T181944_118_StackInput_DarkSubtracted_g_band.new,22.62688787275411,396.56840099041335,45.32109232749604,18.30591876380865,53331.8515625,-11.817466735839844,45.32135511984883,18.30600434046392,12.006252,0.9495419186782817
20260202T181944_118_StackInput_DarkSubtracted_g_band.new,112.80353712935191,449.8854680280725,45.24271619744641,18.372674305645784,86504.359375,-12.342595100402832,45.242717071169835,18.372666609238085,12.240222,0.02786740489874457
20260202T181944_118_StackInput_DarkSubtracted_g_band.new,359.34631330962065,467.2306425838084,45.00322972147889,18.434912220764,50999.3515625,-11.768912315368652,45.00333792230017,18.43500700803703,12.097724,0.5029871477402548
20260202T181944_118_StackInput_DarkSubtracted_g_band.new,464.2075245525318,474.26391819702326,44.90131457765311,18.460934216369157,207643.359375,-13.293294906616211,44.90148042061746,18.46079669325758,10.699521,0.7522073766176628
20260202T182115_708_StackInput_DarkSubtracted_g_band.new,201.9938633122364,8.88952913054978,48.400734604197304,34.40034228830377,18098.8046875,-10.644124984741211,48.400578543150345,34.400326558051916,13.210885,0.46700930849372607
20260202T182115_708_StackInput_DarkSubtracted_g_band.new,12.701477879300027,9.931000157839554,48.612878553779325,34.35688615848223,12555.3037109375,-10.247068405151367,48.61302077793579,34.35700120207231,13.21147,0.5917645495925705
20260202T182115_708_StackInput_DarkSubtracted_g_band.new,394.9656561362402,12.040515718933896,48.18549074595406,34.448152798182264,22553.3046875,-10.883025169372559,48.185528084734635,34.447973143192314,13.132001,0.6561882918151646
20260202T182115_708_StackInput_DarkSubtracted_g_band.new,583.5868297440987,25.943045040360712,47.97795880473204,34.5045261986765,52512.3046875,-11.800652503967285,47.978029042631974,34.50458502785226,12.152999,0.29710725014344863
20260202T182115_708_StackInput_DarkSubtracted_g_band.new,284.3387807691263,35.927469658762604,48.316187048470475,34.44453238538394,53878.8046875,-11.828545570373535,48.31628823053453,34.444406048436676,12.236732,0.5450599818947711
20260202T182115_708_StackInput_DarkSubtracted_g_band.new,508.01234858695733,38.24392764546953,48.066155749938964,34.49850949876488,42028.8046875,-11.558867454528809,48.06639490333526,34.49861578486155,12.543213,0.8061392611827246
20260202T182115_708_StackInput_DarkSubtracted_g_band.new,357.0772684718534,73.89066131717584,48.24541772239984,34.49653421247958,12183.3037109375,-10.214412689208984,48.24554542701668,34.49636146638975,13.973047,0.7282205286726989
20260202T182115_708_StackInput_DarkSubtracted_g_band.new,235.5508689850582,75.34363318459046,48.38202634619386,34.46957011611844,65587.8046875,-12.042057037353516,48.38209252878002,34.469648635628666,11.999905,0.3442172210980694
20260202T182115_708_StackInput_DarkSubtracted_g_band.new,4.184650316530414,77.58154915315143,48.641777563180526,34.41731869857835,48308.3046875,-11.710054397583008,48.641729577197424,34.41728811171015,12.199015,0.18009298594992137
20260202T182115_708_StackInput_DarkSubtracted_g_band.new,568.5254728795377,96.04921946631211,48.014500709571486,34.56591373200915,97122.796875,-12.468303680419922,48.01446268374518,34.56598684861402,11.538376,0.28634280076713825
20260202T182115_708_StackInput_DarkSubtracted_g_band.new,155.76505654732577,101.80668318126357,48.47894480311146,34.47534022598402,31386.8046875,-11.241867065429688,48.47872825437368,34.475256774193745,12.925845,0.7094127515909238
20260202T182115_708_StackInput_DarkSubtracted_g_band.new,632.5856759433299,111.75584573632707,47.94699950508108,34.59516745040533,22149.8046875,-10.863424301147461,47.94672497505557,34.595089296131704,12.95156,0.8608372691398828
20260202T182115_708_StackInput_DarkSubtracted_g_band.new,126.17064324976101,118.82706506437515,48.51695305299599,34.484111814393145,75047.8046875,-12.188344955444336,48.51691288423099,34.48391204021296,11.886303,0.7289980166039388
20260202T182115_708_StackInput_DarkSubtracted_g_band.new,59.88342947566841,138.33214776503135,48.59678836084499,34.486525418881115,18652.3046875,-10.676831245422363,48.596766572994106,34.486057503978536,13.252469,1.6857338865889548
20260202T182115_708_StackInput_DarkSubtracted_g_band.new,95.63567476342709,145.80846358918467,48.5588667981353,34.501844959957964,62062.8046875,-11.982078552246094,48.558651084920804,34.5017896189441,12.001825,0.6702690364969242
20260202T182115_708_StackInput_DarkSubtracted_g_band.new,496.5539938295535,150.3014264898412,48.11050882440186,34.59948801169042,168748.296875,-13.068099021911621,48.11051810192882,34.599435272593524,10.9876795,0.1918408831014995
20260202T182115_708_StackInput_DarkSubtracted_g_band.new,91.82569641503986,157.550203313284,48.56648969528298,34.51178811868222,32126.8046875,-11.267168045043945,48.566399554809635,34.511701140761964,12.796962,0.41175849585014335
20260202T182115_708_StackInput_DarkSubtracted_g_band.new,148.82784141117617,169.1843639373632,48.50591794223963,34.53592997789118,26079.3046875,-11.040740013122559,48.506115403278784,34.53581636985505,13.039017,0.714270828969272
20260202T182115_708_StackInput_DarkSubtracted_g_band.new,468.447290544429,186.58882388931406,48.1522733174284,34.62653691864167,50328.3046875,-11.754530906677246,48.15232817583796,34.62666684269364,12.213203,0.4951539626119068
20260202T182115_708_StackInput_DarkSubtracted_g_band.new,386.12161702630783,198.31964498935287,48.247999549180655,34.61828220949947,80443.3046875,-12.263725280761719,48.24801677931916,34.6183054114976,11.836177,0.09789052027301369
20260202T182115_708_StackInput_DarkSubtracted_g_band.new,168.91785115177777,199.85041251161894,48.4921303503924,34.568962762536245,19532.8046875,-10.726911544799805,48.49237033322473,34.56869626181004,13.574652,1.1943833117829368
20260202T182115_708_StackInput_DarkSubtracted_g_band.new,111.67008201063037,216.5070348176964,48.56108047497465,34.5708857303755,142038.3125,-12.881013870239258,48.56114328506117,34.57077697262237,11.0995455,0.4335444438592144
20260202T182115_708_StackInput_DarkSubtracted_g_band.new,387.87560726993297,225.28549288625564,48.25364994939434,34.643611202425426,13641.8037109375,-10.337180137634277,48.253318282048305,34.643304740636175,13.942729,1.4772019031620767
20260202T182115_708_StackInput_DarkSubtracted_g_band.new,409.798363143691,227.8780582622745,48.22976690327561,34.65110218515669,478246.8125,-14.19913101196289,48.22964251162866,34.650931808894875,9.692671,0.715478264045075
20260202T182115_708_StackInput_DarkSubtracted_g_band.new,147.99399864126303,233.80352779030682,48.52527639491519,34.59539819715018,47774.3046875,-11.697986602783203,48.52524156813973,34.59518706892898,12.443151,0.7670368067903711
20260202T182115_708_StackInput_DarkSubtracted_g_band.new,69.16655535439817,253.35452111730854,48.61927821774789,34.594881699455044,47413.3046875,-11.689750671386719,48.619172007042714,34.59478146249741,12.3483925,0.47883634886779686
20260202T182115_708_StackInput_DarkSubtracted_g_band.new,166.2636754755759,259.26609126226856,48.51203858808363,34.623201200878086,19485.8046875,-10.724295616149902,48.51248819775885,34.62356521872692,13.430497,1.8685301339447475
20260202T182115_708_StackInput_DarkSubtracted_g_band.new,220.72897099453832,262.4854299742344,48.45183166722097,34.63895601574053,98214.3125,-12.480436325073242,48.45192434887617,34.639066080033764,11.603381,0.4820343424074986
20260202T182115_708_StackInput_DarkSubtracted_g_band.new,614.5411784189229,265.5278031314533,48.01031919130448,34.73326596706302,83368.296875,-12.302502632141113,48.01021810036131,34.733369928408074,11.733876,0.4790826155662625
20260202T182115_708_StackInput_DarkSubtracted_g_band.new,275.1994745404421,266.2857718956848,48.39176625259102,34.65521891377729,26758.3046875,-11.068647384643555,48.39170563428356,34.65530858062624,13.380774,0.3693563728487038
20260202T182115_708_StackInput_DarkSubtracted_g_band.new,595.9118684622049,283.38817900288177,48.03626966771027,34.74549245299005,16708.3046875,-10.557331085205078,48.03672112658482,34.74537770686575,13.241283,1.3978861625102015
20260202T182115_708_StackInput_DarkSubtracted_g_band.new,421.86890991036427,296.3847627601824,48.23555057282737,34.717221922578275,68318.796875,-12.08635139465332,48.235724916220526,34.71720408364851,12.056583,0.5198817627470489
20260202T182115_708_StackInput_DarkSubtracted_g_band.new,548.0103519755943,304.3030545797334,48.09599721036006,34.75377653655673,22978.8046875,-10.903319358825684,48.09603980482741,34.7537158362193,13.053031,0.2522378172208393
20260202T182115_708_StackInput_DarkSubtracted_g_band.new,593.2231729144112,308.2519794427091,48.04626633918671,34.76786684082927,15154.3037109375,-10.451339721679688,48.046037055715566,34.767817802636486,13.196719,0.700662329796571
20260202T182115_708_StackInput_DarkSubtracted_g_band.new,105.97964073717485,328.2195880877166,48.599377651925344,34.672664905221616,225710.328125,-13.383878707885742,48.5994241649975,34.67254924711467,10.560993,0.4385517780648838
20260202T182115_708_StackInput_DarkSubtracted_g_band.new,440.1053143716557,336.2892389990403,48.22631819998547,34.75833965440206,80635.3125,-12.266312599182129,48.22628932244354,34.75827264812295,11.89667,0.2558965884783987
20260202T182115_708_StackInput_DarkSubtracted_g_band.new,460.6300380343388,339.85621680021796,48.204249341421615,34.76640353280985,62862.80078125,-11.995984077453613,48.204402850622564,34.76623461836427,12.060068,0.7588631902309103
20260202T182115_708_StackInput_DarkSubtracted_g_band.new,527.1909238137251,339.86161492117367,48.12940481931111,34.78183793948952,30392.8046875,-11.206927299499512,48.12927794229573,34.781794282793065,12.665134,0.40673948290512457
20260202T182115_708_StackInput_DarkSubtracted_g_band.new,436.6726181359353,351.1798570315254,48.23438035632857,34.7713036616623,124315.3046875,-12.736310958862305,48.23450017950885,34.77129102653214,11.266501,0.35724467185511233
20260202T182115_708_StackInput_DarkSubtracted_g_band.new,565.9944541392954,359.61824670064857,48.09131128927276,34.8090791301078,16777.3046875,-10.561805725097656,48.09133756546368,34.80911929851294,13.398433,0.1641438476645575
20260202T182115_708_StackInput_DarkSubtracted_g_band.new,481.1786041708198,372.0812631447165,48.19022641583831,34.800958443331474,31805.3046875,-11.256248474121094,48.190366869365185,34.8009083422436,12.783829,0.45267889989809823
20260202T182115_708_StackInput_DarkSubtracted_g_band.new,619.2441468499434,376.831610992851,48.036224047546135,34.83729003941275,38109.3046875,-11.452577590942383,48.03618761245703,34.83729412403865,12.367848,0.10865796092334029
20260202T182115_708_StackInput_DarkSubtracted_g_band.new,336.48722159175173,399.5111190025555,48.36069788076692,34.79260975869837,28548.3046875,-11.13895034790039,48.360669417176965,34.79264694150307,12.892649,0.15811128614811423
20260202T182115_708_StackInput_DarkSubtracted_g_band.new,239.7560399822002,403.9790687303603,48.47071261734847,34.774081383308705,13420.3037109375,-10.319405555725098,48.47086906958411,34.77435000583428,13.656409,1.072008956400938
20260202T182115_708_StackInput_DarkSubtracted_g_band.new,468.7311529850271,419.9685016432962,48.21773168960025,34.84232797196486,15568.8037109375,-10.480637550354004,48.21773390851964,34.84224711740814,13.101869,0.29115022764206044
20260202T182115_708_StackInput_DarkSubtracted_g_band.new,319.9468826188721,429.6017035416636,48.3878310385905,34.816536806075995,35924.8046875,-11.388486862182617,48.387847477543005,34.81634088207405,12.696995,0.7069978430585485
20260202T182115_708_StackInput_DarkSubtracted_g_band.new,349.7389537139667,436.88560759220456,48.35638724873037,34.83023108874662,31873.3046875,-11.258567810058594,48.35641187099521,34.83014154666378,12.884875,0.3304610791629749
20260202T182115_708_StackInput_DarkSubtracted_g_band.new,179.75813261442036,441.02993326557487,48.548708838943455,34.79418294660507,24310.8046875,-10.964498519897461,48.54867367054683,34.794284972475104,13.218177,0.3817250054583445
20260202T182115_708_StackInput_DarkSubtracted_g_band.new,327.15750873165655,440.79183130983694,48.38289527618479,34.828559552275166,91395.796875,-12.402315139770508,48.38302473694322,34.82856240846162,11.615596,0.3827092728450983
20260202T182115_708_StackInput_DarkSubtracted_g_band.new,123.69337867348762,448.8363618810095,48.61395631843207,34.78816835856863,103714.796875,-12.53960132598877,48.61408900005862,34.788138648811895,11.426045,0.4066006979012936
20260202T182115_708_StackInput_DarkSubtracted_g_band.new,467.9133514886248,457.2736519208449,48.2291759875792,34.876614259105466,119229.8046875,-12.690962791442871,48.22931068694106,34.876636403737116,11.550598,0.40572847496616304
20260202T182115_708_StackInput_DarkSubtracted_g_band.new,518.956828453474,457.01509719060834,48.171641008488564,34.888229319427964,17964.8046875,-10.636056900024414,48.17188810895642,34.88839713523331,13.153675,0.9473191333517696
20260202T182115_708_StackInput_DarkSubtracted_g_band.new,367.2344629980222,458.73483644777906,48.342894411310084,34.85450206052433,61928.3046875,-11.97972297668457,48.343178302462995,34.854492009830615,11.948802,0.8394461687599691
20260202T182115_708_StackInput_DarkSubtracted_g_band.new,210.92544422669525,460.2873262532611,48.5191573779217,34.81929623667459,87742.296875,-12.358022689819336,48.51936086806758,34.81928952273078,11.630298,0.6018894667530517
20260202T182115_708_StackInput_DarkSubtracted_g_band.new,488.1773221689743,466.1884547985016,48.20887859413644,34.88956271691029,259928.328125,-13.537134170532227,48.209027876461384,34.88958449303619,10.40195,0.44773542383236403
20260202T182115_708_StackInput_DarkSubtracted_g_band.new,595.3508514814037,468.5193096844509,48.08884888059538,34.9165556130024,38734.8046875,-11.470252990722656,48.0886955773688,34.9165053231091,12.434529,0.4874143037829434
20260202T182115_708_StackInput_DarkSubtracted_g_band.new,85.18938915235381,476.1349651945871,48.66504409338171,34.804258978857554,873755.3125,-14.853475570678711,48.665120707746496,34.80394666002245,8.366572,1.1469294828063656
20260202T182115_708_StackInput_DarkSubtracted_g_band.new,480.48149725781053,478.8846760181254,48.22112337541357,34.89950794202791,65738.3046875,-12.044546127319336,48.22139934707143,34.899655957559766,11.903403,0.9735874638712736
20260202T182115_708_StackInput_DarkSubtracted_g_band.new,507.46273582562526,483.4048595383329,48.192016437285886,34.90995364102897,33699.3046875,-11.319051742553711,48.1922451292945,34.90990905098744,12.746137,0.69396323993051
